Position,Const,Created,Modified,Description,Title,URL,Title Type,IMDb Rating,Runtime (mins),Year,Genres,Num Votes,Release Date,Directors,Your Rating,Date Rated
1,tt0111161,2013-10-29,2013-10-29,,The Shawshank Redemption,https://www.imdb.com/title/tt0111161/,movie,9.3,142,1994,Drama,2273635,1994-09-10,Frank Darabont,,
2,tt0765429,2013-10-29,2013-10-29,,American Gangster,https://www.imdb.com/title/tt0765429/,movie,7.8,157,2007,"Biography, Crime, Drama, Thriller",383160,2007-10-19,Ridley Scott,,
3,tt0110912,2013-10-29,2013-10-29,,Pulp Fiction,https://www.imdb.com/title/tt0110912/,movie,8.9,154,1994,"Crime, Drama",1776352,1994-05-21,Quentin Tarantino,,
4,tt0102926,2013-10-29,2013-10-29,,The Silence of the Lambs,https://www.imdb.com/title/tt0102926/,movie,8.6,118,1991,"Crime, Drama, Thriller",1230980,1991-01-30,Jonathan Demme,,
5,tt0054047,2013-10-29,2013-10-29,,The Magnificent Seven,https://www.imdb.com/title/tt0054047/,movie,7.7,128,1960,"Action, Adventure, Western",85814,1960-10-12,John Sturges,,
6,tt0167260,2013-10-29,2013-10-29,,The Lord of the Rings: The Return of the King,https://www.imdb.com/title/tt0167260/,movie,8.9,201,2003,"Action, Adventure, Drama, Fantasy",1601087,2003-12-01,Peter Jackson,,
7,tt0167261,2013-10-29,2013-10-29,,The Lord of the Rings: The Two Towers,https://www.imdb.com/title/tt0167261/,movie,8.7,179,2002,"Action, Adventure, Drama, Fantasy",1446814,2002-12-05,Peter Jackson,,
8,tt0120737,2013-10-29,2013-10-29,,The Lord of the Rings: The Fellowship of the Ring,https://www.imdb.com/title/tt0120737/,movie,8.8,178,2001,"Action, Adventure, Drama, Fantasy",1616725,2001-12-10,Peter Jackson,,
9,tt0325980,2013-10-29,2013-10-29,,Pirates of the Caribbean: The Curse of the Black Pearl,https://www.imdb.com/title/tt0325980/,movie,8.0,143,2003,"Action, Adventure, Fantasy",1000145,2003-06-28,Gore Verbinski,,
10,tt0449088,2013-10-29,2013-10-29,,Pirates of the Caribbean: At World's End,https://www.imdb.com/title/tt0449088/,movie,7.1,169,2007,"Action, Adventure, Fantasy",584407,2007-05-19,Gore Verbinski,,
11,tt0209163,2013-10-29,2013-10-29,,The Mummy Returns,https://www.imdb.com/title/tt0209163/,movie,6.3,130,2001,"Action, Adventure, Fantasy, Thriller",296271,2001-04-29,Stephen Sommers,,
12,tt0120616,2013-10-29,2013-10-29,,The Mummy,https://www.imdb.com/title/tt0120616/,movie,7.0,124,1999,"Action, Adventure, Fantasy",383830,1999-04-16,Stephen Sommers,,
13,tt0383574,2013-10-29,2013-10-29,,Pirates of the Caribbean: Dead Man's Chest,https://www.imdb.com/title/tt0383574/,movie,7.3,151,2006,"Action, Adventure, Fantasy",643407,2006-06-24,Gore Verbinski,,
14,tt0080684,2013-10-29,2013-10-29,,Star Wars: Episode V - The Empire Strikes Back,https://www.imdb.com/title/tt0080684/,movie,8.7,124,1980,"Action, Adventure, Fantasy, Sci-Fi",1129916,1980-05-17,Irvin Kershner,,
15,tt1375666,2013-10-29,2013-10-29,,Inception,https://www.imdb.com/title/tt1375666/,movie,8.8,148,2010,"Action, Adventure, Sci-Fi, Thriller",1995022,2010-07-08,Christopher Nolan,,
16,tt0076759,2013-10-29,2013-10-29,,Star Wars,https://www.imdb.com/title/tt0076759/,movie,8.6,121,1977,"Action, Adventure, Fantasy, Sci-Fi",1202037,1977-05-25,George Lucas,,
17,tt0109830,2013-10-29,2013-10-29,,Forrest Gump,https://www.imdb.com/title/tt0109830/,movie,8.8,142,1994,"Drama, Romance",1751242,1994-06-23,Robert Zemeckis,,
18,tt0133093,2013-10-29,2013-10-29,,The Matrix,https://www.imdb.com/title/tt0133093/,movie,8.7,136,1999,"Action, Sci-Fi",1628434,1999-03-24,"Lilly Wachowski, Lana Wachowski",,
19,tt0064116,2013-10-29,2013-10-29,,C'era una volta il West,https://www.imdb.com/title/tt0064116/,movie,8.5,165,1968,Western,294360,1968-12-20,Sergio Leone,,
20,tt0114369,2013-10-29,2013-10-29,,Se7en,https://www.imdb.com/title/tt0114369/,movie,8.6,127,1995,"Crime, Drama, Mystery, Thriller",1398507,1995-09-15,David Fincher,,
21,tt0082971,2013-10-29,2013-10-29,,Raiders of the Lost Ark,https://www.imdb.com/title/tt0082971/,movie,8.4,115,1981,"Action, Adventure",863778,1981-06-12,Steven Spielberg,,
22,tt0103064,2013-10-29,2013-10-29,,Terminator 2: Judgment Day,https://www.imdb.com/title/tt0103064/,movie,8.5,137,1991,"Action, Sci-Fi",973110,1991-07-01,James Cameron,,
23,tt0078748,2013-10-29,2013-10-29,,Alien,https://www.imdb.com/title/tt0078748/,movie,8.4,117,1979,"Horror, Sci-Fi",767092,1979-05-25,Ridley Scott,,
24,tt1454468,2013-10-29,2013-10-29,,Gravity,https://www.imdb.com/title/tt1454468/,movie,7.7,91,2013,"Drama, Sci-Fi, Thriller",754324,2013-08-28,Alfonso Cuarón,,
25,tt0118799,2013-10-29,2013-10-29,,La vita è bella,https://www.imdb.com/title/tt0118799/,movie,8.6,116,1997,"Comedy, Drama, Romance, War",604144,1997-12-20,Roberto Benigni,,
26,tt0407887,2013-10-29,2013-10-29,,The Departed,https://www.imdb.com/title/tt0407887/,movie,8.5,151,2006,"Crime, Drama, Thriller",1157136,2006-09-26,Martin Scorsese,,
27,tt1853728,2013-10-29,2013-10-29,,Django Unchained,https://www.imdb.com/title/tt1853728/,movie,8.4,165,2012,"Drama, Western",1314640,2012-12-11,Quentin Tarantino,,
28,tt1345836,2013-10-29,2013-10-29,,The Dark Knight Rises,https://www.imdb.com/title/tt1345836/,movie,8.4,164,2012,"Action, Adventure",1477058,2012-07-16,Christopher Nolan,,
29,tt0172495,2013-10-29,2013-10-29,,Gladiator,https://www.imdb.com/title/tt0172495/,movie,8.5,155,2000,"Action, Adventure, Drama",1305184,2000-05-01,Ridley Scott,,
30,tt0090605,2013-10-29,2013-10-29,,Aliens,https://www.imdb.com/title/tt0090605/,movie,8.3,137,1986,"Action, Adventure, Sci-Fi, Thriller",638295,1986-07-14,James Cameron,,
31,tt0910970,2013-10-29,2013-10-29,,WALL·E,https://www.imdb.com/title/tt0910970/,movie,8.4,98,2008,"Animation, Adventure, Family, Sci-Fi",972699,2008-06-21,Andrew Stanton,,
32,tt0405094,2013-10-29,2013-10-29,,Das Leben der Anderen,https://www.imdb.com/title/tt0405094/,movie,8.4,137,2006,"Drama, Mystery, Thriller",348769,2006-03-15,Florian Henckel von Donnersmarck,,
33,tt0435761,2013-10-29,2013-10-29,,Toy Story 3,https://www.imdb.com/title/tt0435761/,movie,8.3,103,2010,"Animation, Adventure, Comedy, Family, Fantasy",738285,2010-06-12,Lee Unkrich,,
34,tt0482571,2013-10-29,2013-10-29,,The Prestige,https://www.imdb.com/title/tt0482571/,movie,8.5,130,2006,"Drama, Mystery, Sci-Fi, Thriller",1151800,2006-10-17,Christopher Nolan,,
35,tt0082096,2013-10-29,2013-10-29,,Das Boot,https://www.imdb.com/title/tt0082096/,movie,8.3,149,1981,"Adventure, Drama, Thriller, War",225902,1981-09-17,Wolfgang Petersen,,
36,tt0110357,2013-10-29,2013-10-29,,The Lion King,https://www.imdb.com/title/tt0110357/,movie,8.5,88,1994,"Animation, Adventure, Drama, Family, Musical",915138,1994-06-12,"Rob Minkoff, Roger Allers",,
37,tt0086190,2013-10-29,2013-10-29,,Star Wars: Episode VI - Return of the Jedi,https://www.imdb.com/title/tt0086190/,movie,8.3,131,1983,"Action, Adventure, Fantasy, Sci-Fi",926337,1983-05-25,Richard Marquand,,
38,tt0112573,2013-10-29,2013-10-29,,Braveheart,https://www.imdb.com/title/tt0112573/,movie,8.3,178,1995,"Biography, Drama, History, War",940218,1995-05-18,Mel Gibson,,
39,tt0338013,2013-10-29,2013-10-29,,Eternal Sunshine of the Spotless Mind,https://www.imdb.com/title/tt0338013/,movie,8.3,108,2004,"Drama, Romance, Sci-Fi",887764,2004-03-09,Michel Gondry,,
40,tt0119488,2013-10-29,2013-10-29,,L.A. Confidential,https://www.imdb.com/title/tt0119488/,movie,8.2,138,1997,"Crime, Drama, Mystery, Thriller",520634,1997-05-14,Curtis Hanson,,
41,tt0086879,2013-10-29,2013-10-29,,Amadeus,https://www.imdb.com/title/tt0086879/,movie,8.3,160,1984,"Biography, Drama, History, Music",360279,1984-09-06,Milos Forman,,
42,tt0071853,2013-10-29,2013-10-29,,Monty Python and the Holy Grail,https://www.imdb.com/title/tt0071853/,movie,8.2,91,1975,"Adventure, Comedy, Fantasy",490743,1975-03-14,"Terry Jones, Terry Gilliam",,
43,tt0097576,2013-10-29,2013-10-29,,Indiana Jones and the Last Crusade,https://www.imdb.com/title/tt0097576/,movie,8.2,127,1989,"Action, Adventure",675630,1989-05-24,Steven Spielberg,,
44,tt0050212,2013-10-29,2013-10-29,,The Bridge on the River Kwai,https://www.imdb.com/title/tt0050212/,movie,8.1,161,1957,"Adventure, Drama, War",198292,1957-10-02,David Lean,,
45,tt0095016,2013-10-29,2013-10-29,,Die Hard,https://www.imdb.com/title/tt0095016/,movie,8.2,132,1988,"Action, Thriller",766629,1988-07-12,John McTiernan,,
46,tt0372784,2013-10-29,2013-10-29,,Batman Begins,https://www.imdb.com/title/tt0372784/,movie,8.2,140,2005,"Action, Adventure",1274878,2005-05-31,Christopher Nolan,,
47,tt0361748,2013-10-29,2013-10-29,,Inglourious Basterds,https://www.imdb.com/title/tt0361748/,movie,8.3,153,2009,"Adventure, Drama, War",1226834,2009-05-20,Quentin Tarantino,,
48,tt0114709,2013-10-29,2013-10-29,,Toy Story,https://www.imdb.com/title/tt0114709/,movie,8.3,81,1995,"Animation, Adventure, Comedy, Family, Fantasy",862606,1995-11-19,John Lasseter,,
49,tt0457430,2013-10-29,2013-10-29,,El laberinto del fauno,https://www.imdb.com/title/tt0457430/,movie,8.2,118,2006,"Drama, Fantasy, War",605906,2006-05-27,Guillermo del Toro,,
50,tt0363163,2013-10-29,2013-10-29,,Der Untergang,https://www.imdb.com/title/tt0363163/,movie,8.2,156,2004,"Biography, Drama, History, War",324042,2004-09-08,Oliver Hirschbiegel,,
51,tt1049413,2013-10-29,2013-10-29,,Up,https://www.imdb.com/title/tt1049413/,movie,8.2,96,2009,"Animation, Adventure, Comedy, Family",909479,2009-05-13,"Pete Docter, Bob Peterson",,
52,tt0113277,2013-10-29,2013-10-29,,Heat,https://www.imdb.com/title/tt0113277/,movie,8.2,170,1995,"Crime, Drama, Thriller",561003,1995-12-06,Michael Mann,,
53,tt0083658,2013-10-29,2013-10-29,,Blade Runner,https://www.imdb.com/title/tt0083658/,movie,8.1,117,1982,"Action, Sci-Fi, Thriller",676628,1982-06-25,Ridley Scott,,
54,tt1205489,2013-10-29,2013-10-29,,Gran Torino,https://www.imdb.com/title/tt1205489/,movie,8.1,116,2008,Drama,705873,2008-12-09,Clint Eastwood,,
55,tt0116282,2013-10-29,2013-10-29,,Fargo,https://www.imdb.com/title/tt0116282/,movie,8.1,98,1996,"Crime, Drama, Thriller",599645,1996-03-08,"Ethan Coen, Joel Coen",,
56,tt0119217,2013-10-29,2013-10-29,,Good Will Hunting,https://www.imdb.com/title/tt0119217/,movie,8.3,126,1997,"Drama, Romance",835265,1997-12-02,Gus Van Sant,,
57,tt0477348,2013-10-29,2013-10-29,,No Country for Old Men,https://www.imdb.com/title/tt0477348/,movie,8.1,122,2007,"Crime, Drama, Thriller",829269,2007-05-19,"Ethan Coen, Joel Coen",,
58,tt0073195,2013-10-29,2013-10-29,,Jaws,https://www.imdb.com/title/tt0073195/,movie,8.0,124,1975,"Adventure, Thriller",534989,1975-06-20,Steven Spielberg,,
59,tt0266697,2013-10-29,2013-10-29,,Kill Bill: Vol. 1,https://www.imdb.com/title/tt0266697/,movie,8.1,111,2003,"Action, Crime, Thriller",975292,2003-09-29,Quentin Tarantino,,
60,tt0117951,2013-10-29,2013-10-29,,Trainspotting,https://www.imdb.com/title/tt0117951/,movie,8.1,93,1996,Drama,622431,1996-02-23,Danny Boyle,,
61,tt0395169,2013-10-29,2013-10-29,,Hotel Rwanda,https://www.imdb.com/title/tt0395169/,movie,8.1,121,2004,"Biography, Drama, History, War",328725,2004-09-11,Terry George,,
62,tt0434409,2013-10-29,2013-10-29,,V for Vendetta,https://www.imdb.com/title/tt0434409/,movie,8.2,132,2005,"Action, Drama, Sci-Fi, Thriller",1007699,2005-12-11,James McTeigue,,
63,tt0266543,2013-10-29,2013-10-29,,Finding Nemo,https://www.imdb.com/title/tt0266543/,movie,8.1,100,2003,"Animation, Adventure, Comedy, Family",926168,2003-05-18,"Andrew Stanton, Lee Unkrich",,
64,tt0892769,2013-10-29,2013-10-29,,How to Train Your Dragon,https://www.imdb.com/title/tt0892769/,movie,8.1,98,2010,"Animation, Action, Adventure, Family, Fantasy",650241,2010-03-18,"Chris Sanders, Dean DeBlois",,
65,tt0758758,2013-10-29,2013-10-29,,Into the Wild,https://www.imdb.com/title/tt0758758/,movie,8.1,148,2007,"Adventure, Biography, Drama",559553,2007-09-01,Sean Penn,,
66,tt0848228,2013-10-29,2013-10-29,,The Avengers,https://www.imdb.com/title/tt0848228/,movie,8.0,143,2012,"Action, Adventure, Sci-Fi",1239677,2012-04-11,Joss Whedon,,
67,tt0405159,2013-10-29,2013-10-29,,Million Dollar Baby,https://www.imdb.com/title/tt0405159/,movie,8.1,132,2004,"Drama, Sport",622068,2004-12-05,Clint Eastwood,,
68,tt0079470,2013-10-29,2013-10-29,,Life of Brian,https://www.imdb.com/title/tt0079470/,movie,8.1,94,1979,Comedy,358524,1979-08-17,Terry Jones,,
69,tt0088247,2013-10-29,2013-10-29,,The Terminator,https://www.imdb.com/title/tt0088247/,movie,8.0,107,1984,"Action, Sci-Fi",782819,1984-10-26,James Cameron,,
70,tt0469494,2013-10-29,2013-10-29,,There Will Be Blood,https://www.imdb.com/title/tt0469494/,movie,8.2,158,2007,Drama,501590,2007-09-27,Paul Thomas Anderson,,
71,tt1504320,2013-10-29,2013-10-29,,The King's Speech,https://www.imdb.com/title/tt1504320/,movie,8.0,118,2010,"Biography, Drama, History",627286,2010-09-06,Tom Hooper,,
72,tt0440963,2013-10-29,2013-10-29,,The Bourne Ultimatum,https://www.imdb.com/title/tt0440963/,movie,8.0,115,2007,"Action, Mystery, Thriller",596957,2007-07-25,Paul Greengrass,,
73,tt0198781,2013-10-29,2013-10-29,,"Monsters, Inc.",https://www.imdb.com/title/tt0198781/,movie,8.0,92,2001,"Animation, Adventure, Comedy, Family, Fantasy",793429,2001-10-28,"Pete Docter, David Silverman, Lee Unkrich",,
74,tt0454876,2013-10-29,2013-10-29,,Life of Pi,https://www.imdb.com/title/tt0454876/,movie,7.9,127,2012,"Adventure, Drama, Fantasy",569374,2012-09-28,Ang Lee,,
75,tt0107290,2013-10-29,2013-10-29,,Jurassic Park,https://www.imdb.com/title/tt0107290/,movie,8.1,127,1993,"Action, Adventure, Sci-Fi, Thriller",843116,1993-06-09,Steven Spielberg,,
76,tt1201607,2013-10-29,2013-10-29,,Harry Potter and the Deathly Hallows: Part 2,https://www.imdb.com/title/tt1201607/,movie,8.1,130,2011,"Adventure, Drama, Fantasy, Mystery",741632,2011-07-07,David Yates,,
77,tt0796366,2013-10-29,2013-10-29,,Star Trek,https://www.imdb.com/title/tt0796366/,movie,7.9,127,2009,"Action, Adventure, Sci-Fi",571354,2009-04-06,J.J. Abrams,,
78,tt1130884,2013-10-29,2013-10-29,,Shutter Island,https://www.imdb.com/title/tt1130884/,movie,8.2,138,2010,"Mystery, Thriller",1093027,2010-02-13,Martin Scorsese,,
79,tt0382932,2013-10-29,2013-10-29,,Ratatouille,https://www.imdb.com/title/tt0382932/,movie,8.0,111,2007,"Animation, Adventure, Comedy, Family, Fantasy",623484,2007-06-22,"Brad Bird, Jan Pinkava",,
80,tt1220719,2013-10-29,2013-10-29,,Yip Man,https://www.imdb.com/title/tt1220719/,movie,8.0,106,2008,"Action, Biography, Drama, History",207662,2008-12-12,Wilson Yip,,
81,tt1136608,2013-10-29,2013-10-29,,District 9,https://www.imdb.com/title/tt1136608/,movie,7.9,112,2009,"Action, Sci-Fi, Thriller",629524,2009-08-13,Neill Blomkamp,,
82,tt1408101,2013-10-29,2013-10-29,,Star Trek Into Darkness,https://www.imdb.com/title/tt1408101/,movie,7.7,132,2013,"Action, Adventure, Sci-Fi",458120,2013-05-02,J.J. Abrams,,
83,tt1318514,2013-10-29,2013-10-29,,Rise of the Planet of the Apes,https://www.imdb.com/title/tt1318514/,movie,7.6,105,2011,"Action, Drama, Sci-Fi, Thriller",489960,2011-07-28,Rupert Wyatt,,
84,tt1228705,2013-10-29,2013-10-29,,Iron Man 2,https://www.imdb.com/title/tt1228705/,movie,7.0,124,2010,"Action, Adventure, Sci-Fi",704979,2010-04-26,Jon Favreau,,
85,tt0242653,2013-10-29,2013-10-29,,The Matrix Revolutions,https://www.imdb.com/title/tt0242653/,movie,6.8,129,2003,"Action, Sci-Fi",438842,2003-10-27,"Lilly Wachowski, Lana Wachowski",,
86,tt0234215,2013-10-29,2013-10-29,,The Matrix Reloaded,https://www.imdb.com/title/tt0234215/,movie,7.2,138,2003,"Action, Sci-Fi",505207,2003-05-07,"Lilly Wachowski, Lana Wachowski",,
87,tt1399103,2013-10-29,2013-10-29,,Transformers: Dark of the Moon,https://www.imdb.com/title/tt1399103/,movie,6.2,154,2011,"Action, Adventure, Sci-Fi",379561,2011-06-23,Michael Bay,,
88,tt1139328,2013-10-29,2013-10-29,,The Ghost Writer,https://www.imdb.com/title/tt1139328/,movie,7.2,128,2010,"Drama, Mystery, Thriller",154100,2010-02-12,Roman Polanski,,
89,tt0454848,2013-10-29,2013-10-29,,Inside Man,https://www.imdb.com/title/tt0454848/,movie,7.6,129,2006,"Crime, Drama, Mystery, Thriller",330989,2006-03-16,Spike Lee,,
90,tt0481369,2013-10-29,2013-10-29,,The Number 23,https://www.imdb.com/title/tt0481369/,movie,6.4,98,2007,"Crime, Mystery, Thriller",190944,2007-02-13,Joel Schumacher,,
91,tt1401152,2013-10-29,2013-10-29,,Unknown,https://www.imdb.com/title/tt1401152/,movie,6.8,113,2011,"Action, Mystery, Thriller",244524,2011-02-16,Jaume Collet-Serra,,
92,tt0399295,2013-10-29,2013-10-29,,Lord of War,https://www.imdb.com/title/tt0399295/,movie,7.6,122,2005,"Action, Crime, Drama",289548,2005-09-16,Andrew Niccol,,
93,tt0373926,2013-10-29,2013-10-29,,The Interpreter,https://www.imdb.com/title/tt0373926/,movie,6.4,128,2005,"Crime, Mystery, Thriller",96152,2005-04-04,Sydney Pollack,,
94,tt0059113,2013-10-29,2013-10-29,,Doctor Zhivago,https://www.imdb.com/title/tt0059113/,movie,8.0,197,1965,"Drama, Romance, War",68160,1965-12-22,David Lean,,
95,tt0350258,2013-10-29,2013-10-29,,Ray,https://www.imdb.com/title/tt0350258/,movie,7.7,152,2004,"Biography, Drama, Music",135876,2004-09-12,Taylor Hackford,,
96,tt1188729,2013-10-29,2013-10-29,,Pandorum,https://www.imdb.com/title/tt1188729/,movie,6.7,108,2009,"Action, Horror, Mystery, Sci-Fi, Thriller",141766,2009-09-25,Christian Alvart,,
97,tt0413267,2013-10-29,2013-10-29,,Shrek the Third,https://www.imdb.com/title/tt0413267/,movie,6.1,93,2007,"Animation, Adventure, Comedy, Family, Fantasy",273798,2007-05-06,"Chris Miller, Raman Hui",,
98,tt0120363,2013-10-29,2013-10-29,,Toy Story 2,https://www.imdb.com/title/tt0120363/,movie,7.9,92,1999,"Animation, Adventure, Comedy, Family, Fantasy",513544,1999-11-13,"John Lasseter, Ash Brannon, Lee Unkrich",,
99,tt0399201,2013-10-29,2013-10-29,,The Island,https://www.imdb.com/title/tt0399201/,movie,6.8,136,2005,"Action, Sci-Fi, Thriller",297083,2005-07-11,Michael Bay,,
100,tt0120815,2013-10-29,2013-10-29,,Saving Private Ryan,https://www.imdb.com/title/tt0120815/,movie,8.6,169,1998,"Drama, War",1201027,1998-07-21,Steven Spielberg,,
101,tt0892791,2013-10-29,2013-10-29,,Shrek Forever After,https://www.imdb.com/title/tt0892791/,movie,6.3,93,2010,"Animation, Adventure, Comedy, Family, Fantasy, Romance",179954,2010-04-21,Mike Mitchell,,
102,tt0351283,2013-10-29,2013-10-29,,Madagascar,https://www.imdb.com/title/tt0351283/,movie,6.9,86,2005,"Animation, Adventure, Comedy, Family",357012,2005-05-25,"Tom McGrath, Eric Darnell",,
103,tt1270798,2013-10-29,2013-10-29,,X: First Class,https://www.imdb.com/title/tt1270798/,movie,7.7,131,2011,"Action, Adventure, Sci-Fi",636109,2011-05-25,Matthew Vaughn,,
104,tt1210166,2013-10-29,2013-10-29,,Moneyball,https://www.imdb.com/title/tt1210166/,movie,7.6,133,2011,"Biography, Drama, Sport",353387,2011-09-09,Bennett Miller,,
105,tt0126029,2013-10-29,2013-10-29,,Shrek,https://www.imdb.com/title/tt0126029/,movie,7.8,90,2001,"Animation, Adventure, Comedy, Family, Fantasy",599012,2001-04-22,"Vicky Jenson, Andrew Adamson",,
106,tt1232829,2013-10-29,2013-10-29,,21 Jump Street,https://www.imdb.com/title/tt1232829/,movie,7.2,109,2012,"Action, Comedy, Crime",501455,2012-03-12,"Christopher Miller, Phil Lord",,
107,tt1300854,2013-10-29,2013-10-29,,Iron Man Three,https://www.imdb.com/title/tt1300854/,movie,7.2,130,2013,"Action, Adventure, Sci-Fi",738619,2013-04-12,Shane Black,,
108,tt0120647,2013-10-29,2013-10-29,,Deep Impact,https://www.imdb.com/title/tt0120647/,movie,6.2,120,1998,"Action, Drama, Romance, Sci-Fi, Thriller",160324,1998-05-07,Mimi Leder,,
109,tt0373889,2013-10-29,2013-10-29,,Harry Potter and the Order of the Phoenix,https://www.imdb.com/title/tt0373889/,movie,7.5,138,2007,"Action, Adventure, Family, Fantasy, Mystery",492849,2007-06-28,David Yates,,
110,tt0469641,2013-10-29,2013-10-29,,World Trade Center,https://www.imdb.com/title/tt0469641/,movie,5.9,129,2006,"Drama, History, Thriller",76620,2006-08-09,Oliver Stone,,
111,tt0120917,2013-10-29,2013-10-29,,The Emperor's New Groove,https://www.imdb.com/title/tt0120917/,movie,7.3,78,2000,"Animation, Adventure, Comedy, Family, Fantasy",174809,2000-12-10,Mark Dindal,,
112,tt0330373,2013-10-29,2013-10-29,,Harry Potter and the Goblet of Fire,https://www.imdb.com/title/tt0330373/,movie,7.7,157,2005,"Adventure, Family, Fantasy, Mystery",529247,2005-11-06,Mike Newell,,
113,tt0825232,2013-10-29,2013-10-29,,The Bucket List,https://www.imdb.com/title/tt0825232/,movie,7.4,97,2007,"Comedy, Drama",226484,2007-12-16,Rob Reiner,,
114,tt0117913,2013-10-29,2013-10-29,,A Time to Kill,https://www.imdb.com/title/tt0117913/,movie,7.5,149,1996,"Crime, Drama, Thriller",128289,1996-07-24,Joel Schumacher,,
115,tt0450259,2013-10-29,2013-10-29,,Blood Diamond,https://www.imdb.com/title/tt0450259/,movie,8.0,143,2006,"Adventure, Drama, Thriller",488919,2006-12-06,Edward Zwick,,
116,tt0795368,2013-10-29,2013-10-29,,Death at a Funeral,https://www.imdb.com/title/tt0795368/,movie,7.4,90,2007,Comedy,107724,2007-02-09,Frank Oz,,
117,tt0896798,2013-10-29,2013-10-29,,Cleaner,https://www.imdb.com/title/tt0896798/,movie,6.1,88,2007,"Crime, Mystery, Thriller",36867,2007-09-11,Renny Harlin,,
118,tt0349903,2013-10-29,2013-10-29,,Ocean's Twelve,https://www.imdb.com/title/tt0349903/,movie,6.5,125,2004,"Crime, Thriller",351107,2004-12-08,Steven Soderbergh,,
119,tt0418279,2013-10-29,2013-10-29,,Transformers,https://www.imdb.com/title/tt0418279/,movie,7.0,144,2007,"Action, Adventure, Sci-Fi",588538,2007-06-12,Michael Bay,,
120,tt0319061,2013-10-29,2013-10-29,,Big Fish,https://www.imdb.com/title/tt0319061/,movie,8.0,125,2003,"Adventure, Drama, Fantasy, Romance",407721,2003-12-04,Tim Burton,,
121,tt0448134,2013-10-29,2013-10-29,,Sunshine,https://www.imdb.com/title/tt0448134/,movie,7.2,107,2007,"Sci-Fi, Thriller",229512,2007-03-23,Danny Boyle,,
122,tt0046889,2013-10-29,2013-10-29,,The Dam Busters,https://www.imdb.com/title/tt0046889/,movie,7.4,124,1955,"Drama, History, War",9345,1955-05-16,Michael Anderson,,
123,tt0480249,2013-10-29,2013-10-29,,I Am Legend,https://www.imdb.com/title/tt0480249/,movie,7.2,101,2007,"Action, Adventure, Drama, Sci-Fi, Thriller",673302,2007-12-05,Francis Lawrence,,
124,tt1764651,2013-10-29,2013-10-29,,The Expendables 2,https://www.imdb.com/title/tt1764651/,movie,6.6,103,2012,"Action, Adventure, Thriller",288008,2012-08-08,Simon West,,
125,tt2051879,2013-10-29,2013-10-29,,Europa Report,https://www.imdb.com/title/tt2051879/,movie,6.4,90,2013,"Drama, Mystery, Sci-Fi, Thriller",66290,2013-06-15,Sebastián Cordero,,
126,tt1790885,2013-10-29,2013-10-29,,Zero Dark Thirty,https://www.imdb.com/title/tt1790885/,movie,7.4,157,2012,"Drama, History, Thriller, War",265904,2012-12-10,Kathryn Bigelow,,
127,tt0980970,2013-10-29,2013-10-29,,The Chronicles of Narnia: The Voyage of the Dawn Treader,https://www.imdb.com/title/tt0980970/,movie,6.3,113,2010,"Adventure, Family, Fantasy",138201,2010-12-02,Michael Apted,,
128,tt0066765,2013-10-29,2013-10-29,,And Now for Something Completely Different,https://www.imdb.com/title/tt0066765/,movie,7.6,88,1971,Comedy,28390,1971-09-28,Ian MacNaughton,,
129,tt0379786,2013-10-29,2013-10-29,,Serenity,https://www.imdb.com/title/tt0379786/,movie,7.8,119,2005,"Action, Adventure, Sci-Fi, Thriller",279555,2005-08-22,Joss Whedon,,
130,tt1358522,2013-10-29,2013-10-29,,White Collar,https://www.imdb.com/title/tt1358522/,tvSeries,8.2,40,2009,"Comedy, Crime, Drama, Mystery",115569,2009-10-23,,,
131,tt1245526,2013-11-04,2013-11-04,,RED,https://www.imdb.com/title/tt1245526/,movie,7.0,111,2010,"Action, Comedy, Crime, Thriller",283738,2010-09-29,Robert Schwentke,,
132,tt1077258,2013-11-04,2013-11-04,,Planet Terror,https://www.imdb.com/title/tt1077258/,movie,7.1,105,2007,"Action, Adventure, Comedy, Horror, Thriller",197283,2007-06-21,Robert Rodriguez,,
133,tt1446714,2013-11-04,2013-11-04,,Prometheus,https://www.imdb.com/title/tt1446714/,movie,7.0,124,2012,"Adventure, Mystery, Sci-Fi",559815,2012-04-11,Ridley Scott,,
134,tt0795441,2013-11-04,2013-11-04,,Oorlogswinter,https://www.imdb.com/title/tt0795441/,movie,7.0,103,2008,"Drama, History, War",11966,2008-11-17,Martin Koolhoven,,
135,tt1418646,2013-11-04,2013-11-04,,Beneath Hill 60,https://www.imdb.com/title/tt1418646/,movie,7.1,122,2010,"Drama, History, War",7402,2010-04-15,Jeremy Sims,,
136,tt0120812,2013-12-02,2013-12-02,,Rush Hour,https://www.imdb.com/title/tt0120812/,movie,7.0,98,1998,"Action, Comedy, Crime, Thriller",234218,1998-09-18,Brett Ratner,,
137,tt0160127,2013-12-02,2013-12-02,,Charlie's Angels,https://www.imdb.com/title/tt0160127/,movie,5.5,98,2000,"Action, Adventure, Comedy, Crime, Thriller",173377,2000-10-22,McG,,
138,tt1250777,2013-12-02,2013-12-02,,Kick-Ass,https://www.imdb.com/title/tt1250777/,movie,7.6,117,2010,"Action, Comedy, Crime",517122,2010-03-12,Matthew Vaughn,,
139,tt0266915,2013-12-02,2013-12-02,,Rush Hour 2,https://www.imdb.com/title/tt0266915/,movie,6.6,90,2001,"Action, Comedy, Crime, Thriller",196249,2001-07-26,Brett Ratner,,
140,tt0077402,2013-12-02,2013-12-02,,Dawn of the Dead,https://www.imdb.com/title/tt0077402/,movie,7.9,127,1978,"Action, Adventure, Horror, Thriller",109016,1978-09-01,George A. Romero,,
141,tt0816711,2013-12-02,2013-12-02,,World War Z,https://www.imdb.com/title/tt0816711/,movie,7.0,116,2013,"Action, Adventure, Horror, Sci-Fi",589123,2013-06-02,Marc Forster,,
142,tt1650554,2013-12-02,2013-12-02,,Kick-Ass 2,https://www.imdb.com/title/tt1650554/,movie,6.5,103,2013,"Action, Comedy, Crime, Thriller",250544,2013-08-14,Jeff Wadlow,,
143,tt1535108,2013-12-02,2013-12-02,,Elysium,https://www.imdb.com/title/tt1535108/,movie,6.6,109,2013,"Action, Drama, Sci-Fi",413310,2013-08-07,Neill Blomkamp,,
144,tt1650062,2013-12-02,2013-12-02,,Super 8,https://www.imdb.com/title/tt1650062/,movie,7.0,112,2011,"Mystery, Sci-Fi, Thriller",333924,2011-06-09,J.J. Abrams,,
145,tt1663662,2013-12-02,2013-12-02,,Pacific Rim,https://www.imdb.com/title/tt1663662/,movie,6.9,131,2013,"Action, Adventure, Sci-Fi",459278,2013-07-01,Guillermo del Toro,,
146,tt1483013,2013-12-02,2013-12-02,,Oblivion,https://www.imdb.com/title/tt1483013/,movie,7.0,124,2013,"Action, Adventure, Sci-Fi",476223,2013-03-26,Joseph Kosinski,,
147,tt0945513,2013-12-02,2013-12-02,,Source Code,https://www.imdb.com/title/tt0945513/,movie,7.5,93,2011,"Action, Drama, Mystery, Sci-Fi, Thriller",475996,2011-03-11,Duncan Jones,,
148,tt0367594,2013-12-02,2013-12-02,,Charlie and the Chocolate Factory,https://www.imdb.com/title/tt0367594/,movie,6.6,115,2005,"Adventure, Comedy, Family, Fantasy, Musical",415869,2005-07-10,Tim Burton,,
149,tt0339291,2013-12-02,2013-12-02,,A Series of Unfortunate Events,https://www.imdb.com/title/tt0339291/,movie,6.8,108,2004,"Adventure, Comedy, Family, Fantasy",192853,2004-12-16,Brad Silberling,,
150,tt0250223,2013-12-02,2013-12-02,,Astérix & Obélix: Mission Cléopâtre,https://www.imdb.com/title/tt0250223/,movie,6.6,107,2002,"Adventure, Comedy, Family, Fantasy",47936,2002-01-30,Alain Chabat,,
151,tt0164912,2013-12-02,2013-12-02,,Stuart Little,https://www.imdb.com/title/tt0164912/,movie,5.9,84,1999,"Adventure, Comedy, Family, Fantasy",123273,1999-12-05,Rob Minkoff,,
152,tt0133385,2013-12-02,2013-12-02,,Astérix & Obélix contre César,https://www.imdb.com/title/tt0133385/,movie,6.0,109,1999,"Adventure, Comedy, Family, Fantasy",38723,1999-02-03,Claude Zidi,,
153,tt0243585,2013-12-02,2013-12-02,,Stuart Little 2,https://www.imdb.com/title/tt0243585/,movie,5.5,77,2002,"Animation, Adventure, Comedy, Family, Fantasy",49200,2002-07-14,Rob Minkoff,,
154,tt0298148,2013-12-02,2013-12-02,,Shrek 2,https://www.imdb.com/title/tt0298148/,movie,7.2,93,2004,"Animation, Adventure, Comedy, Family, Fantasy, Romance",409349,2004-05-08,"Conrad Vernon, Kelly Asbury, Andrew Adamson",,
155,tt0463872,2013-12-02,2013-12-02,,Astérix aux jeux olympiques,https://www.imdb.com/title/tt0463872/,movie,5.2,116,2008,"Adventure, Comedy, Family, Fantasy",27104,2008-01-13,"Frédéric Forestier, Thomas Langmann",,
156,tt1033643,2013-12-02,2013-12-02,,What Happens in Vegas,https://www.imdb.com/title/tt1033643/,movie,6.1,99,2008,"Comedy, Romance",162985,2008-04-22,Tom Vaughan,,
157,tt0343660,2013-12-02,2013-12-02,,50 First Dates,https://www.imdb.com/title/tt0343660/,movie,6.8,99,2004,"Comedy, Drama, Romance",320096,2004-02-03,Peter Segal,,
158,tt0251127,2013-12-02,2013-12-02,,How to Lose a Guy in 10 Days,https://www.imdb.com/title/tt0251127/,movie,6.4,116,2003,"Comedy, Romance",204795,2003-01-27,Donald Petrie,,
159,tt0386588,2013-12-02,2013-12-02,,Hitch,https://www.imdb.com/title/tt0386588/,movie,6.6,118,2005,"Comedy, Romance",291465,2005-02-10,Andy Tennant,,
160,tt1068680,2013-12-02,2013-12-02,,Yes Man,https://www.imdb.com/title/tt1068680/,movie,6.8,104,2008,"Comedy, Romance",329287,2008-12-09,Peyton Reed,,
161,tt1564367,2013-12-02,2013-12-02,,Just Go with It,https://www.imdb.com/title/tt1564367/,movie,6.4,117,2011,"Comedy, Romance",216709,2011-02-08,Dennis Dugan,,
162,tt0815236,2013-12-02,2013-12-02,,She's Out of My League,https://www.imdb.com/title/tt0815236/,movie,6.4,104,2010,"Comedy, Romance",124516,2010-03-11,Jim Field Smith,,
163,tt0758752,2013-12-02,2013-12-02,,Love & Other Drugs,https://www.imdb.com/title/tt0758752/,movie,6.7,112,2010,"Comedy, Drama, Romance",176722,2010-11-04,Edward Zwick,,
164,tt0317740,2013-12-03,2013-12-03,,The Italian Job,https://www.imdb.com/title/tt0317740/,movie,7.0,111,2003,"Action, Crime, Thriller",336968,2003-05-30,F. Gary Gray,,
165,tt1111422,2013-12-03,2013-12-03,,The Taking of Pelham 123,https://www.imdb.com/title/tt1111422/,movie,6.4,106,2009,"Action, Crime, Thriller",182910,2009-06-04,Tony Scott,,
166,tt0337978,2013-12-03,2013-12-03,,Live Free or Die Hard,https://www.imdb.com/title/tt0337978/,movie,7.1,128,2007,"Action, Thriller",383664,2007-06-12,Len Wiseman,,
167,tt1179034,2013-12-03,2013-12-03,,From Paris with Love,https://www.imdb.com/title/tt1179034/,movie,6.5,92,2010,"Action, Crime, Thriller",110931,2010-02-04,Pierre Morel,,
168,tt0463985,2013-12-03,2013-12-03,,The Fast and the Furious: Tokyo Drift,https://www.imdb.com/title/tt0463985/,movie,6.0,104,2006,"Action, Crime, Thriller",236017,2006-06-04,Justin Lin,,
169,tt0936501,2013-12-03,2013-12-03,,Taken,https://www.imdb.com/title/tt0936501/,movie,7.8,90,2008,"Action, Thriller",557394,2008-02-27,Pierre Morel,,
170,tt0111257,2013-12-03,2013-12-03,,Speed,https://www.imdb.com/title/tt0111257/,movie,7.2,116,1994,"Action, Adventure, Thriller",321650,1994-06-07,Jan de Bont,,
171,tt0425123,2013-12-04,2013-12-04,,Just Like Heaven,https://www.imdb.com/title/tt0425123/,movie,6.7,95,2005,"Comedy, Drama, Fantasy, Romance",97650,2005-09-16,Mark Waters,,
172,tt0397078,2013-12-04,2013-12-04,,Just My Luck,https://www.imdb.com/title/tt0397078/,movie,5.4,108,2006,"Comedy, Fantasy, Romance",52887,2006-05-09,Donald Petrie,,
173,tt1058017,2013-12-04,2013-12-04,,The Invention of Lying,https://www.imdb.com/title/tt1058017/,movie,6.4,100,2009,"Comedy, Fantasy, Romance",120671,2009-09-14,"Matthew Robinson, Ricky Gervais",,
174,tt1453405,2013-12-04,2013-12-04,,Monsters University,https://www.imdb.com/title/tt1453405/,movie,7.3,104,2013,"Animation, Adventure, Comedy, Family, Fantasy",313366,2013-06-05,Dan Scanlon,,
175,tt0293564,2013-12-04,2013-12-04,,Rush Hour 3,https://www.imdb.com/title/tt0293564/,movie,6.2,91,2007,"Action, Comedy, Crime, Thriller",150435,2007-07-30,Brett Ratner,,
176,tt1155056,2013-12-04,2013-12-04,,"I Love You, Man",https://www.imdb.com/title/tt1155056/,movie,7.0,105,2009,"Comedy, Romance",191561,2009-03-13,John Hamburg,,
177,tt0133240,2013-12-04,2013-12-04,,Treasure Planet,https://www.imdb.com/title/tt0133240/,movie,7.2,95,2002,"Animation, Adventure, Family, Sci-Fi",99180,2002-11-05,"Ron Clements, John Musker",,
178,tt0985699,2013-12-04,2013-12-04,,Valkyrie,https://www.imdb.com/title/tt0985699/,movie,7.1,121,2008,"Drama, History, Thriller, War",224491,2008-12-25,Bryan Singer,,
179,tt0265086,2013-12-04,2013-12-04,,Black Hawk Down,https://www.imdb.com/title/tt0265086/,movie,7.7,144,2001,"Drama, History, War",357632,2001-12-18,Ridley Scott,,
180,tt0371746,2013-12-04,2013-12-04,,Iron Man,https://www.imdb.com/title/tt0371746/,movie,7.9,126,2008,"Action, Adventure, Sci-Fi",919167,2008-04-14,Jon Favreau,,
181,tt1675434,2013-12-04,2013-12-04,,Intouchables,https://www.imdb.com/title/tt1675434/,movie,8.5,112,2011,"Biography, Comedy, Drama",735005,2011-09-23,"Olivier Nakache, Éric Toledano",,
182,tt0372183,2013-12-04,2013-12-04,,The Bourne Supremacy,https://www.imdb.com/title/tt0372183/,movie,7.7,108,2004,"Action, Mystery, Thriller",426555,2004-07-16,Paul Greengrass,,
183,tt0453467,2013-12-04,2013-12-04,,Deja Vu,https://www.imdb.com/title/tt0453467/,movie,7.0,126,2006,"Action, Crime, Sci-Fi, Thriller",288300,2006-11-20,Tony Scott,,
184,tt0433035,2013-12-04,2013-12-04,,Real Steel,https://www.imdb.com/title/tt0433035/,movie,7.1,127,2011,"Action, Drama, Sci-Fi, Sport",292868,2011-09-06,Shawn Levy,,
185,tt0268380,2013-12-04,2013-12-04,,Ice Age,https://www.imdb.com/title/tt0268380/,movie,7.5,81,2002,"Animation, Adventure, Comedy, Family, Fantasy",430711,2002-03-12,"Chris Wedge, Carlos Saldanha",,
186,tt1063669,2013-12-04,2013-12-04,,Die Welle,https://www.imdb.com/title/tt1063669/,movie,7.6,107,2008,"Drama, Thriller",100457,2008-01-18,Dennis Gansel,,
187,tt0275847,2013-12-04,2013-12-04,,Lilo & Stitch,https://www.imdb.com/title/tt0275847/,movie,7.2,85,2002,"Animation, Adventure, Comedy, Drama, Family, Fantasy, Sci-Fi",163368,2002-06-16,"Chris Sanders, Dean DeBlois",,
188,tt0496806,2013-12-04,2013-12-04,,Ocean's Thirteen,https://www.imdb.com/title/tt0496806/,movie,6.9,122,2007,"Action, Crime, Thriller",314392,2007-05-24,Steven Soderbergh,,
189,tt0238380,2013-12-04,2013-12-04,,Equilibrium,https://www.imdb.com/title/tt0238380/,movie,7.4,107,2002,"Action, Drama, Sci-Fi, Thriller",307790,2002-12-06,Kurt Wimmer,,
190,tt1272878,2013-12-04,2013-12-04,,2 Guns,https://www.imdb.com/title/tt1272878/,movie,6.7,109,2013,"Action, Comedy, Thriller",192331,2013-07-30,Baltasar Kormákur,,
191,tt0363771,2013-12-04,2013-12-04,,"The Chronicles of Narnia: The Lion, the Witch and the Wardrobe",https://www.imdb.com/title/tt0363771/,movie,6.9,143,2005,"Adventure, Family, Fantasy",358288,2005-12-07,Andrew Adamson,,
192,tt0087469,2013-12-04,2013-12-04,,Indiana Jones and the Temple of Doom,https://www.imdb.com/title/tt0087469/,movie,7.6,118,1984,"Action, Adventure",437130,1984-05-08,Steven Spielberg,,
193,tt0305357,2013-12-04,2013-12-04,,Charlie's Angels: Full Throttle,https://www.imdb.com/title/tt0305357/,movie,4.9,106,2003,"Action, Adventure, Comedy, Crime",119147,2003-06-18,McG,,
194,tt0129167,2013-12-04,2013-12-04,,The Iron Giant,https://www.imdb.com/title/tt0129167/,movie,8.0,86,1999,"Animation, Action, Adventure, Comedy, Drama, Family, Sci-Fi",167977,1999-07-31,Brad Bird,,
195,tt0378194,2013-12-04,2013-12-04,,Kill Bill: Vol. 2,https://www.imdb.com/title/tt0378194/,movie,8.0,137,2004,"Action, Crime, Thriller",666873,2004-04-08,Quentin Tarantino,,
196,tt1229238,2013-12-04,2013-12-04,,Mission: Impossible - Ghost Protocol,https://www.imdb.com/title/tt1229238/,movie,7.4,132,2011,"Action, Adventure, Thriller",449144,2011-12-07,Brad Bird,,
197,tt0172156,2013-12-04,2013-12-04,,Bad Boys II,https://www.imdb.com/title/tt0172156/,movie,6.6,147,2003,"Action, Comedy, Crime, Thriller",227163,2003-07-09,Michael Bay,,
198,tt0468569,2013-12-04,2013-12-04,,The Dark Knight,https://www.imdb.com/title/tt0468569/,movie,9.0,152,2008,"Action, Crime, Drama, Thriller",2235911,2008-07-14,Christopher Nolan,,
199,tt0449059,2013-12-04,2013-12-04,,Little Miss Sunshine,https://www.imdb.com/title/tt0449059/,movie,7.8,101,2006,"Comedy, Drama",431213,2006-01-20,"Jonathan Dayton, Valerie Faris",,
200,tt0465234,2013-12-04,2013-12-04,,National Treasure: Book of Secrets,https://www.imdb.com/title/tt0465234/,movie,6.5,124,2007,"Action, Adventure, Mystery, Thriller",214999,2007-12-13,Jon Turteltaub,,
201,tt0963178,2013-12-04,2013-12-04,,The International,https://www.imdb.com/title/tt0963178/,movie,6.5,118,2009,"Action, Crime, Drama, Mystery, Thriller",90020,2009-02-05,Tom Tykwer,,
202,tt0055928,2013-12-04,2013-12-04,,Dr. No,https://www.imdb.com/title/tt0055928/,movie,7.2,110,1962,"Action, Adventure, Thriller",144112,1962-10-05,Terence Young,,
203,tt0103644,2013-12-04,2013-12-04,,Alien³,https://www.imdb.com/title/tt0103644/,movie,6.5,114,1992,"Action, Horror, Sci-Fi",271240,1992-05-19,David Fincher,,
204,tt1637688,2013-12-04,2013-12-04,,In Time,https://www.imdb.com/title/tt1637688/,movie,6.7,109,2011,"Action, Sci-Fi, Thriller",363090,2011-10-20,Andrew Niccol,,
205,tt0899106,2013-12-04,2013-12-04,,Love Happens,https://www.imdb.com/title/tt0899106/,movie,5.7,109,2009,"Drama, Romance",30497,2009-09-15,Brandon Camp,,
206,tt0289043,2013-12-04,2013-12-04,,28 Days Later...,https://www.imdb.com/title/tt0289043/,movie,7.6,113,2002,"Action, Drama, Horror, Sci-Fi, Thriller",368868,2002-11-01,Danny Boyle,,
207,tt0056197,2013-12-04,2013-12-04,,The Longest Day,https://www.imdb.com/title/tt0056197/,movie,7.8,178,1962,"Action, Drama, History, War",51364,1962-09-25,"Andrew Marton, Ken Annakin, Darryl F. Zanuck, Gerd Oswald, Bernhard Wicki",,
208,tt0465502,2013-12-04,2013-12-04,,Igor,https://www.imdb.com/title/tt0465502/,movie,6.0,87,2008,"Animation, Comedy, Family, Fantasy",22077,2008-09-19,Tony Leondis,,
209,tt0212338,2013-12-04,2013-12-04,,Meet the Parents,https://www.imdb.com/title/tt0212338/,movie,7.0,108,2000,"Comedy, Romance",306028,2000-10-06,Jay Roach,,
210,tt0829482,2013-12-04,2013-12-04,,Superbad,https://www.imdb.com/title/tt0829482/,movie,7.6,113,2007,Comedy,510522,2007-08-17,Greg Mottola,,
211,tt0406816,2013-12-04,2013-12-04,,The Guardian,https://www.imdb.com/title/tt0406816/,movie,6.9,139,2006,"Action, Adventure, Drama",86182,2006-09-28,Andrew Davis,,
212,tt0145487,2013-12-04,2013-12-04,,Spider-Man,https://www.imdb.com/title/tt0145487/,movie,7.3,121,2002,"Action, Adventure, Sci-Fi",674205,2002-04-30,Sam Raimi,,
213,tt0478134,2013-12-04,2013-12-04,,In the Valley of Elah,https://www.imdb.com/title/tt0478134/,movie,7.1,121,2007,"Crime, Drama, Mystery",67962,2007-09-01,Paul Haggis,,
214,tt1659337,2013-12-05,2013-12-05,,The Perks of Being a Wallflower,https://www.imdb.com/title/tt1659337/,movie,8.0,103,2012,"Drama, Romance",450604,2012-09-08,Stephen Chbosky,,
215,tt2106476,2013-12-05,2013-12-05,,Jagten,https://www.imdb.com/title/tt2106476/,movie,8.3,115,2012,Drama,268644,2012-05-20,Thomas Vinterberg,,
216,tt0387131,2013-12-09,2013-12-09,,The Constant Gardener,https://www.imdb.com/title/tt0387131/,movie,7.4,129,2005,"Drama, Mystery, Romance, Thriller",130276,2005-07-31,Fernando Meirelles,,
217,tt0116209,2013-12-09,2013-12-09,,The English Patient,https://www.imdb.com/title/tt0116209/,movie,7.4,162,1996,"Drama, Romance, War",175169,1996-10-31,Anthony Minghella,,
218,tt0955308,2013-12-09,2013-12-09,,Robin Hood,https://www.imdb.com/title/tt0955308/,movie,6.6,140,2010,"Action, Adventure, Drama, History",249384,2010-05-12,Ridley Scott,,
219,tt0311113,2013-12-09,2013-12-09,,Master and Commander: The Far Side of the World,https://www.imdb.com/title/tt0311113/,movie,7.4,138,2003,"Action, Adventure, Drama, History, War",198127,2003-11-14,Peter Weir,,
220,tt0069113,2013-12-09,2013-12-09,,The Poseidon Adventure,https://www.imdb.com/title/tt0069113/,movie,7.1,117,1972,"Action, Adventure, Drama, Thriller",39956,1972-12-12,Ronald Neame,,
221,tt0770828,2013-12-09,2013-12-09,,Man of Steel,https://www.imdb.com/title/tt0770828/,movie,7.0,143,2013,"Action, Adventure, Sci-Fi",677456,2013-06-10,Zack Snyder,,
222,tt0113247,2013-12-09,2013-12-09,,La haine,https://www.imdb.com/title/tt0113247/,movie,8.1,98,1995,"Crime, Drama",143925,1995-05-27,Mathieu Kassovitz,,
223,tt0058150,2013-12-09,2013-12-09,,Goldfinger,https://www.imdb.com/title/tt0058150/,movie,7.7,110,1964,"Action, Adventure, Thriller",168460,1964-09-17,Guy Hamilton,,
224,tt0290002,2013-12-09,2013-12-09,,Meet the Fockers,https://www.imdb.com/title/tt0290002/,movie,6.3,115,2004,"Comedy, Romance",248784,2004-12-16,Jay Roach,,
225,tt1276104,2013-12-09,2013-12-09,,Looper,https://www.imdb.com/title/tt1276104/,movie,7.4,113,2012,"Action, Drama, Sci-Fi, Thriller",525392,2012-09-06,Rian Johnson,,
226,tt0986263,2013-12-09,2013-12-09,,Surrogates,https://www.imdb.com/title/tt0986263/,movie,6.3,89,2009,"Action, Sci-Fi, Thriller",167263,2009-09-24,Jonathan Mostow,,
227,tt1142988,2013-12-09,2013-12-09,,The Ugly Truth,https://www.imdb.com/title/tt1142988/,movie,6.4,96,2009,"Comedy, Romance",200375,2009-07-16,Robert Luketic,,
228,tt1386932,2013-12-09,2013-12-09,,Yip Man 2,https://www.imdb.com/title/tt1386932/,movie,7.5,108,2010,"Action, Biography, Drama, History",95256,2010-04-29,Wilson Yip,,
229,tt0418689,2013-12-09,2013-12-09,,Flags of Our Fathers,https://www.imdb.com/title/tt0418689/,movie,7.0,135,2006,"Action, Adventure, Drama, History, War",115878,2006-10-09,Clint Eastwood,,
230,tt0215750,2013-12-09,2013-12-09,,Enemy at the Gates,https://www.imdb.com/title/tt0215750/,movie,7.6,131,2001,"Drama, History, War",237811,2001-02-07,Jean-Jacques Annaud,,
231,tt0120794,2013-12-09,2013-12-09,,The Prince of Egypt,https://www.imdb.com/title/tt0120794/,movie,7.1,99,1998,"Animation, Adventure, Drama, Family, Fantasy, Musical",115509,1998-12-16,"Simon Wells, Brenda Chapman, Steve Hickner",,
232,tt0099348,2013-12-09,2013-12-09,,Dances with Wolves,https://www.imdb.com/title/tt0099348/,movie,8.0,181,1990,"Adventure, Drama, Western",234709,1990-10-19,Kevin Costner,,
233,tt1045658,2013-12-09,2013-12-09,,Silver Linings Playbook,https://www.imdb.com/title/tt1045658/,movie,7.7,122,2012,"Comedy, Drama, Romance",650186,2012-09-08,David O. Russell,,
234,tt0443543,2013-12-09,2013-12-09,,The Illusionist,https://www.imdb.com/title/tt0443543/,movie,7.6,110,2006,"Drama, Fantasy, History, Mystery, Romance, Thriller",350203,2006-01-22,Neil Burger,,
235,tt1907668,2013-12-09,2013-12-09,,Flight,https://www.imdb.com/title/tt1907668/,movie,7.3,138,2012,"Drama, Thriller",319346,2012-10-14,Robert Zemeckis,,
236,tt0318462,2013-12-09,2013-12-09,,Diarios de motocicleta,https://www.imdb.com/title/tt0318462/,movie,7.8,126,2004,"Adventure, Biography, Drama",95266,2004-01-15,Walter Salles,,
237,tt0113189,2013-12-09,2013-12-09,,GoldenEye,https://www.imdb.com/title/tt0113189/,movie,7.2,130,1995,"Action, Adventure, Thriller",234154,1995-11-13,Martin Campbell,,
238,tt1211956,2013-12-09,2013-12-09,,Escape Plan,https://www.imdb.com/title/tt1211956/,movie,6.7,115,2013,"Action, Thriller",223253,2013-07-18,Mikael Håfström,,
239,tt0368891,2013-12-09,2013-12-09,,National Treasure,https://www.imdb.com/title/tt0368891/,movie,6.9,131,2004,"Action, Adventure, Mystery, Thriller",298970,2004-11-08,Jon Turteltaub,,
240,tt0480025,2013-12-09,2013-12-09,,This Is England,https://www.imdb.com/title/tt0480025/,movie,7.7,101,2006,"Crime, Drama",114053,2006-09-12,Shane Meadows,,
241,tt1014759,2013-12-09,2013-12-09,,Alice in Wonderland,https://www.imdb.com/title/tt1014759/,movie,6.4,108,2010,"Adventure, Family, Fantasy",376148,2010-02-25,Tim Burton,,
242,tt0389557,2013-12-09,2013-12-09,,Zwartboek,https://www.imdb.com/title/tt0389557/,movie,7.7,145,2006,"Drama, Thriller, War",71463,2006-09-01,Paul Verhoeven,,
243,tt1430132,2013-12-09,2013-12-09,,The Wolverine,https://www.imdb.com/title/tt1430132/,movie,6.7,126,2013,"Action, Adventure, Sci-Fi",421702,2013-07-16,James Mangold,,
244,tt0290334,2013-12-09,2013-12-09,,X2,https://www.imdb.com/title/tt0290334/,movie,7.4,134,2003,"Action, Sci-Fi, Thriller",503388,2003-04-24,Bryan Singer,,
245,tt1821694,2013-12-09,2013-12-09,,RED 2,https://www.imdb.com/title/tt1821694/,movie,6.6,116,2013,"Action, Adventure, Comedy, Crime, Thriller",156759,2013-07-18,Dean Parisot,,
246,tt0095953,2013-12-09,2013-12-09,,Rain Man,https://www.imdb.com/title/tt0095953/,movie,8.0,133,1988,Drama,464317,1988-12-12,Barry Levinson,,
247,tt1124035,2013-12-09,2013-12-09,,The Ides of March,https://www.imdb.com/title/tt1124035/,movie,7.1,101,2011,"Drama, Thriller",212382,2011-08-31,George Clooney,,
248,tt1277953,2013-12-09,2013-12-09,,Madagascar 3: Europe's Most Wanted,https://www.imdb.com/title/tt1277953/,movie,6.8,95,2012,"Animation, Adventure, Comedy, Family",158668,2012-05-18,"Conrad Vernon, Tom McGrath, Eric Darnell",,
249,tt0887912,2013-12-09,2013-12-09,,The Hurt Locker,https://www.imdb.com/title/tt0887912/,movie,7.6,131,2008,"Drama, Thriller, War",413549,2008-09-04,Kathryn Bigelow,,
250,tt1217613,2013-12-09,2013-12-09,,Battle Los Angeles,https://www.imdb.com/title/tt1217613/,movie,5.7,116,2011,"Action, Sci-Fi",172448,2011-03-08,Jonathan Liebesman,,
251,tt0120903,2013-12-09,2013-12-09,,X-Men,https://www.imdb.com/title/tt0120903/,movie,7.4,104,2000,"Action, Adventure, Sci-Fi",561224,2000-07-12,Bryan Singer,,
252,tt1464540,2013-12-09,2013-12-09,,I Am Number Four,https://www.imdb.com/title/tt1464540/,movie,6.1,111,2011,"Action, Adventure, Sci-Fi, Thriller",224866,2011-02-09,D.J. Caruso,,
253,tt0286716,2013-12-09,2013-12-09,,Hulk,https://www.imdb.com/title/tt0286716/,movie,5.6,138,2003,"Action, Sci-Fi",248495,2003-06-17,Ang Lee,,
254,tt1114677,2013-12-09,2013-12-09,,Hannah Montana: The Movie,https://www.imdb.com/title/tt1114677/,movie,4.5,102,2009,"Comedy, Drama, Family, Music, Romance",38920,2009-04-08,Peter Chelsom,,
255,tt0147800,2013-12-09,2013-12-09,,10 Things I Hate About You,https://www.imdb.com/title/tt0147800/,movie,7.3,97,1999,"Comedy, Drama, Romance",289266,1999-03-31,Gil Junger,,
256,tt0317705,2013-12-09,2013-12-09,,The Incredibles,https://www.imdb.com/title/tt0317705/,movie,8.0,115,2004,"Animation, Action, Adventure, Family",641619,2004-10-27,Brad Bird,,
257,tt0241303,2013-12-17,2013-12-17,,Chocolat,https://www.imdb.com/title/tt0241303/,movie,7.2,121,2000,"Drama, Romance",175117,2000-12-15,Lasse Hallström,,
258,tt0865556,2013-12-19,2013-12-19,,The Forbidden Kingdom,https://www.imdb.com/title/tt0865556/,movie,6.6,104,2008,"Action, Adventure, Fantasy",100147,2008-04-04,Rob Minkoff,,
259,tt0473075,2013-12-19,2013-12-19,,Prince of Persia: The Sands of Time,https://www.imdb.com/title/tt0473075/,movie,6.6,116,2010,"Action, Adventure, Fantasy",267511,2010-05-09,Mike Newell,,
260,tt0277296,2013-12-19,2013-12-19,,The Scorpion King,https://www.imdb.com/title/tt0277296/,movie,5.5,92,2002,"Action, Adventure, Fantasy",128500,2002-04-15,Chuck Russell,,
